{
    "matrix": {
        "matrix": {
            "color": {
                "alpha": [
                    null,
                    1.0,
                    1.0,
                    1.0,
                    1.0,
                    1.0,
                    1.0,
                    1.0,
                    1.0,
                    1.0,
                    1.0,
                    1.0,
                    1.0,
                    1.0,
                    1.0,
                    1.0,
                    1.0
                ],
                "blue": [
                    null,
                    1.0,
                    1.0,
                    1.0,
                    1.0,
                    1.0,
                    0.0,
                    0.0,
                    1.0,
                    1.0,
                    0.0,
                    0.0,
                    1.0,
                    1.0,
                    1.0,
                    1.0,
                    1.0
                ],
                "green": [
                    null,
                    1.0,
                    1.0,
                    1.0,
                    1.0,
                    1.0,
                    0.007874015718698502,
                    0.0,
                    1.0,
                    1.0,
                    0.0,
                    0.0,
                    1.0,
                    1.0,
                    1.0,
                    1.0,
                    1.0
                ],
                "red": [
                    null,
                    1.0,
                    1.0,
                    1.0,
                    1.0,
                    1.0,
                    0.7165355682373047,
                    0.7200000286102295,
                    1.0,
                    1.0,
                    0.7200000286102295,
                    0.7200000286102295,
                    1.0,
                    1.0,
                    1.0,
                    1.0,
                    1.0
                ],
                "slide": {
                    "down": 500.0,
                    "up": 500.0
                }
            },
            "dim": [
                8.0,
                8.0
            ],
            "line_width": 8.37401294708252,
            "point_size": 0.5,
            "poly_mode": [
                0
            ],
            "pos": [
                null,
                0,
                1,
                2,
                3,
                4,
                5,
                6,
                7,
                8,
                9,
                10,
                11,
                12,
                13,
                14,
                15
            ],
            "shape": "cylinder"
        }
    }
}